ID,predictions
TRG002728,63.06805555555556
TRG002649,58.06333333333335
TRG002628,57.3352777777778
