ID,predictions
TRG002728,48.67999999999999
TRG002649,56.536388888888894
TRG002628,51.02194444444444
